{
    "bos_token": {
      "content": "<|startoftext|>",
      "lstrip": false,
      "normalized": true,
      "rstrip": false,
      "single_word": false
    },
    "eos_token": {
      "content": "<|endoftext|>",
      "lstrip": false,
      "normalized": true,
      "rstrip": false,
      "single_word": false
    },
    "pad_token": "!",
    "unk_token": {
      "content": "<|endoftext|>",
      "lstrip": false,
      "normalized": true,
      "rstrip": false,
      "single_word": false
    }
  }